# The nations of the Africa atlas. seed: a point inside the nation (lon, lat) that claims the
# piece of land the frontiers cut around it. label: where its name is set; `size` big names
# carry their twin under them, small ones do not; `lead` draws a line from the label to the seed
# (a name set out at sea). Colours match the swatches of the page's swap list.
key,name,twin,name_ar,twin_ar,colour,size,seed_lon,seed_lat,label_lon,label_lat,lead
morocco,Morocco,Iceland,المغرب,آيسلندا,#d98d7a,big,-6.5,32.0,-6.2,32.2,0
saguia,Saguia,,الساقية,,#e8b9a5,small,-12.5,27.0,-12.4,27.05,0
mauritania,Mauritania,Norway,موريتانيا,النرويج,#7fa88c,big,-11.5,20.5,-10.9,21.3,0
algeria,Algeria,Sweden,الجزائر,السويد,#9fc08a,big,2.5,28.5,2.3,28.8,0
tunisia,Tunisia,,تونس,,#c2d18a,small,9.5,34.5,9.3,33.9,0
libya,Libya,Finland,ليبيا,فنلندا,#d8c07e,big,18.0,27.0,17.8,27.6,0
egypt,Egypt,Mexico ✻,مصر,المكسيك ✻,#b5b5c8,big,29.5,26.0,29.3,26.4,0
air,Niger,Alps ✦,النيجر,الألب ✦,#cf9f5f,big,6.0,19.5,5.6,19.3,0
kanem,Chad,Sápmi ✦,تشاد,سابمي ✦,#a8d6c4,big,18.5,17.0,17.6,17.6,0
songhai,Songhai,,سنغاي,,#b07fb0,small,1.8,14.2,1.9,14.6,0
mali,Mali,Italy,مالي,إيطاليا,#c27f6a,big,-5.0,15.0,-5.4,15.9,0
jolof,Jolof,Spain,جولوف,إسبانيا,#c9a3cc,big,-14.8,14.8,-14.6,15.1,0
kaabu,Kaabu,,كابو,,#6fae6a,small,-15.0,12.3,-18.6,12.5,1
fouta,Fouta Djallon,,فوتا جالون,,#4f9e6e,small,-12.2,11.0,-18.2,10.6,1
sierra_leone,Sierra Leone,,سيراليون,,#86c98a,small,-11.8,8.6,-16.6,8.2,1
liberia,Liberia,,ليبيريا,,#3f8f5f,small,-9.5,6.9,-13.6,5.4,1
kong,Kong,France,كونغ,فرنسا,#c98fa8,big,-3.5,9.0,-3.6,9.8,0
tem,Tem,,تم,,#e0a3b8,small,0.9,8.5,-0.9,3.7,1
dahomey,Dahomey,,داهومي,,#8fbf7a,small,2.3,9.8,3.6,3.4,1
nigeria,Nigeria,Britain,نيجيريا,بريطانيا,#a06fb5,big,8.0,10.5,7.8,11.2,0
cameroon,Cameroon,,الكاميرون,,#7b5fa8,small,12.5,5.5,12.4,5.7,0
eq_guinea,Eq. Guinea,,غينيا الاستوائية,,#caa6e0,small,10.4,1.5,6.4,-2.1,1
gabon,Gabon,,الغابون,,#9b7fc4,small,11.7,-0.7,11.2,-0.3,0
dn_kongo,DN Kongo,,دي إن كونغو,,#b88f5f,small,15.3,-0.8,15.9,-1.7,0
ww_kongo,WW Kongo,Germany,ويني وا كونغو,ألمانيا,#7fae5f,big,23.5,-3.0,23.3,-2.6,0
car,C.A.R.,Poland,أفريقيا الوسطى,بولندا,#cfe0b0,big,20.5,6.5,20.6,6.9,0
sudan,Sudan,Belarus,السودان,بيلاروسيا,#d8c98f,big,30.0,15.5,29.6,15.9,0
south_sudan,South Sudan,Lithuania,جنوب السودان,ليتوانيا,#8fb8a8,big,29.5,7.0,29.4,7.4,0
eritrea,Eritrea,,إريتريا,,#d88f6a,small,38.5,15.8,38.0,16.4,0
djibouti,Djibouti,,جيبوتي,,#c2a8b8,small,42.6,11.6,45.6,12.9,1
ethiopia,Ethiopia,Russia,إثيوبيا,روسيا,#9a5f7a,big,39.0,8.5,38.9,8.9,0
somaliland,Somaliland,,أرض الصومال,,#5fa89e,small,46.5,9.8,46.9,9.7,0
somalia,Somalia,Ukraine,الصومال,أوكرانيا,#7fc4b8,big,45.0,3.0,44.4,4.0,0
kenya,Kenya,Romania,كينيا,رومانيا,#c08a5f,big,37.8,1.0,37.9,1.1,0
uganda,Uganda,,أوغندا,,#d8b86a,small,32.5,1.8,32.5,1.9,0
rwanda,Rwanda,,رواندا,,#a8c26a,small,29.9,-1.95,28.2,-1.2,1
burundi,Burundi,,بوروندي,,#c25f7a,small,29.9,-3.4,28.0,-3.9,1
tanzania,Tanzania,Bulgaria,تنزانيا,بلغاريا,#6f9fbf,big,34.5,-6.0,34.8,-5.6,0
angola,Angola,Montenegro,أنغولا,الجبل الأسود,#d49a6a,big,17.0,-12.5,17.3,-12.2,0
zambia,Zambia,Croatia,زامبيا,كرواتيا,#8fae7a,big,26.5,-14.0,26.3,-13.9,0
namibia,Namibia,Bosnia,ناميبيا,البوسنة,#d4c48f,big,17.5,-22.0,17.6,-21.6,0
botswana,Botswana,Slovenia,بوتسوانا,سلوفينيا,#9fd4c4,big,23.8,-22.3,23.9,-22.2,0
zimbabwe,Zimbabwe,Serbia,زيمبابوي,صربيا,#7f7fbf,big,29.8,-19.0,29.8,-18.9,0
malawi,Malawi,,مالاوي,,#b06a5f,small,33.8,-13.0,33.4,-12.6,0
mozambique,Mozambique,Moldova,موزمبيق,مولدوفا,#9a6a9a,big,35.5,-18.5,39.4,-15.9,0
lesotho,Lesotho,,ليسوتو,,#b0b0c0,small,28.2,-29.4,28.0,-29.25,0
eswatini,Eswatini,,إسواتيني,,#e0a85f,small,31.45,-26.55,34.6,-27.8,1
xhosa,Xhosa Rep.,Greece,جمهورية الخوسا,اليونان,#6f9e8a,big,28.0,-26.5,28.2,-26.3,0
cape,Cape Republic,no twin ✦,جمهورية الكاب,لا توأم ✦,#c9b08f,big,21.0,-31.0,21.2,-30.9,0
madagascar,Madagascar,Sicily–Malta,مدغشقر,صقلية–مالطا,#b08f7a,big,46.9,-19.0,46.6,-19.3,0
